imdb_title_id,title,original_title,year,date_published,genre,duration,country,language,director,writer,production_company,actors,description,avg_vote,votes,budget,usa_gross_income,worlwide_gross_income,metascore,reviews_from_users,reviews_from_critics
tt0111161,The Shawshank Redemption,The Shawshank Redemption,1994,1995-03-03,Drama,142,USA,English,Frank Darabont,"Stephen King, Frank Darabont",Castle Rock Entertainment,"Tim Robbins, Morgan Freeman, Bob Gunton, William Sadler, Clancy Brown, Gil Bellows, Mark Rolston, James Whitmore, Jeffrey DeMunn, Larry Brandenburg, Neil Giuntoli, Brian Libby, David Proval, Joseph Ragno, Jude Ciccolella","Two imprisoned men bond over a number of years, finding solace and eventual redemption through acts of common decency.",9.3,2159628,$ 25000000,$ 28699976,$ 28781790,80.0,7029.0,224.0
tt0068646,The Godfather,The Godfather,1972,1972-08-25,"Crime, Drama",175,USA,"English, Italian, Latin",Francis Ford Coppola,"Mario Puzo, Francis Ford Coppola",Paramount Pictures,"Marlon Brando, Al Pacino, James Caan, Richard S. Castellano, Robert Duvall, Sterling Hayden, John Marley, Richard Conte, Al Lettieri, Diane Keaton, Abe Vigoda, Talia Shire, Gianni Russo, John Cazale, Rudy Bond",The aging patriarch of an organized crime dynasty transfers control of his clandestine empire to his reluctant son.,9.2,1482143,$ 6000000,$ 134966411,$ 246120974,100.0,3362.0,241.0
tt0071562,The Godfather: Part II,The Godfather: Part II,1974,1975-10-03,"Crime, Drama",202,USA,"English, Italian, Spanish, Latin, Sicilian",Francis Ford Coppola,"Francis Ford Coppola, Mario Puzo",Paramount Pictures,"Al Pacino, Robert Duvall, Diane Keaton, Robert De Niro, John Cazale, Talia Shire, Lee Strasberg, Michael V. Gazzo, G.D. Spradlin, Richard Bright, Gastone Moschin, Tom Rosqui, Bruno Kirby, Frank Sivero, Francesca De Sapio","The early life and career of Vito Corleone in 1920s New York City is portrayed, while his son, Michael, expands and tightens his grip on the family crime syndicate.",9.0,1032047,$ 13000000,$ 47834595,$ 48020957,90.0,857.0,172.0
tt0468569,The Dark Knight,The Dark Knight,2008,2008-07-24,"Action, Crime, Drama",152,"USA, UK","English, Mandarin",Christopher Nolan,"Jonathan Nolan, Christopher Nolan",Warner Bros.,"Christian Bale, Heath Ledger, Aaron Eckhart, Michael Caine, Maggie Gyllenhaal, Gary Oldman, Morgan Freeman, Monique Gabriela Curnen, Ron Dean, Cillian Murphy, Chin Han, Nestor Carbonell, Eric Roberts, Ritchie Coster, Anthony Michael Hall","When the menace known as the Joker wreaks havoc and chaos on the people of Gotham, Batman must accept one of the greatest psychological and physical tests of his ability to fight injustice.",9.0,2134569,$ 185000000,$ 535234033,$ 1004934033,84.0,6344.0,418.0
tt0110912,Pulp Fiction,Pulp Fiction,1994,1994-10-28,"Crime, Drama",154,USA,"English, Spanish, French",Quentin Tarantino,"Quentin Tarantino, Roger Avary",Miramax,"Tim Roth, Amanda Plummer, Laura Lovelace, John Travolta, Samuel L. Jackson, Phil LaMarr, Frank Whaley, Burr Steers, Bruce Willis, Ving Rhames, Paul Calderon, Bronagh Gallagher, Rosanna Arquette, Eric Stoltz, Uma Thurman","The lives of two mob hitmen, a boxer, a gangster and his wife, and a pair of diner bandits intertwine in four tales of violence and redemption.",8.9,1695085,$ 8000000,$ 107928762,$ 214179088,94.0,2766.0,278.0
tt0108052,Schindler's List,Schindler's List,1993,1994-03-04,"Biography, Drama, History",195,USA,"English, Hebrew, German, Polish",Steven Spielberg,"Thomas Keneally, Steven Zaillian",Universal Pictures,"Liam Neeson, Ben Kingsley, Ralph Fiennes, Caroline Goodall, Jonathan Sagall, Embeth Davidtz, Malgorzata Gebel, Shmuel Levy, Mark Ivanir, Béatrice Macola, Andrzej Seweryn, Friedrich von Thun, Krzysztof Luft, Harry Nehring, Norbert Weisser","In German-occupied Poland during World War II, industrialist",8.9,1120236,$ 22000000,$ 96898818,$ 322243445,94.0,1642.0,221.0
tt0050083,12 Angry Men,12 Angry Men,1957,1957-04-10,Drama,96,USA,English,Sidney Lumet,"Reginald Rose, Reginald Rose",Orion-Nova Productions,"Martin Balsam, John Fiedler, Lee J. Cobb, E.G. Marshall, Jack Klugman, Edward Binns, Jack Warden, Henry Fonda, Joseph Sweeney, Ed Begley, George Voskovec, Robert Webber",A jury holdout attempts to prevent a miscarriage of justice by forcing his colleagues to reconsider the evidence.,8.9,617540,$ 350000,,$ 576,96.0,1366.0,213.0
tt0167260,The Lord of the Rings: The Return of the King,The Lord of the Rings: The Return of the King,2003,2003-12-17,"Adventure, Drama, Fantasy",201,"New Zealand, USA","English, Quenya, Old English, Sindarin",Peter Jackson,"J.R.R. Tolkien, Fran Walsh",New Line Cinema,"Noel Appleby, Ali Astin, Sean Astin, David Aston, John Bach, Sean Bean, Cate Blanchett, Orlando Bloom, Billy Boyd, Sadwyn Brophy, Alistair Browning, Marton Csokas, Richard Edge, Jason Fitch, Bernard Hill",Gandalf and Aragorn lead the World of Men against Sauron's army to draw his gaze from Frodo and Sam as they approach Mount Doom with the One Ring.,8.9,1533574,$ 94000000,$ 377845905,$ 1120424614,94.0,3528.0,346.0
tt0109830,Forrest Gump,Forrest Gump,1994,1994-10-07,"Drama, Romance",142,USA,English,Robert Zemeckis,"Winston Groom, Eric Roth",Paramount Pictures,"Tom Hanks, Rebecca Williams, Sally Field, Michael Conner Humphreys, Harold G. Herthum, George Kelly, Bob Penny, John Randall, Sam Anderson, Margo Moorer, Ione M. Telech, Christine Seabrook, John Worsham, Peter Dobson, Siobhan Fallon Hogan","The presidencies of Kennedy and Johnson, the events of Vietnam, Watergate, and other history unfold through the perspective of an Alabama man with an IQ of 75.",8.8,1662528,$ 55000000,$ 330455270,$ 678151134,82.0,2050.0,163.0
tt7286456,Joker,Joker,2019,2019-10-04,"Crime, Drama, Thriller",122,"USA, Canada",English,Todd Phillips,"Todd Phillips, Scott Silver",BRON Studios,"Joaquin Phoenix, Robert De Niro, Zazie Beetz, Frances Conroy, Brett Cullen, Shea Whigham, Bill Camp, Glenn Fleshler, Leigh Gill, Josh Pais, Rocco Luna, Marc Maron, Sondra James, Murphy Guyer, Douglas Hodge","In Gotham City, mentally-troubled comedian Arthur Fleck is disregarded and mistreated by society. He then embarks on a downward spiral of revolution and bloody crime. This path brings him face-to-face with his alter-ego: ""The Joker"".",8.8,467169,$ 55000000,$ 316964593,$ 995064593,59.0,7665.0,562.0
tt0120737,The Lord of the Rings: The Fellowship of the Ring,The Lord of the Rings: The Fellowship of the Ring,2001,2001-12-19,"Adventure, Drama, Fantasy",178,"New Zealand, USA","English, Sindarin",Peter Jackson,"J.R.R. Tolkien, Fran Walsh",New Line Cinema,"Alan Howard, Noel Appleby, Sean Astin, Sala Baker, Sean Bean, Cate Blanchett, Orlando Bloom, Billy Boyd, Marton Csokas, Megan Edwards, Michael Elsworth, Mark Ferguson, Ian Holm, Christopher Lee, Lawrence Makoare",A meek Hobbit from the Shire and eight companions set out on a journey to destroy the powerful One Ring and save Middle-earth from the Dark Lord Sauron.,8.8,1548863,$ 93000000,$ 315544750,$ 872491916,92.0,5218.0,329.0
tt0060196,"Il buono, il brutto, il cattivo","Il buono, il brutto, il cattivo",1966,1968-09-13,Western,161,"Italy, Spain, West Germany","Italian, English, Spanish",Sergio Leone,"Luciano Vincenzoni, Sergio Leone",Produzioni Europee Associate (PEA),"Eli Wallach, Clint Eastwood, Lee Van Cleef, Aldo Giuffrè, Luigi Pistilli, Rada Rassimov, Enzo Petito, Claudio Scarchilli, John Bartha, Livio Lorenzon, Antonio Casale, Sandro Scarchilli, Benito Stefanelli, Angelo Novi, Antonio Casas",A bounty hunting scam joins two men in an uneasy alliance against a third in a race to find a fortune in gold buried in a remote cemetery.,8.8,640904,$ 1200000,$ 25100000,$ 25252481,90.0,984.0,202.0
tt1375666,Inception,Inception,2010,2010-07-16,"Action, Adventure, Sci-Fi",148,"USA, UK","English, Japanese, French",Christopher Nolan,Christopher Nolan,Warner Bros.,"Leonardo DiCaprio, Joseph Gordon-Levitt, Ellen Page, Tom Hardy, Ken Watanabe, Dileep Rao, Cillian Murphy, Tom Berenger, Marion Cotillard, Pete Postlethwaite, Michael Caine, Lukas Haas, Tai-Li Lee, Claire Geare, Magnus Nolan",A thief who steals corporate secrets through the use of dream-sharing technology is given the inverse task of planting an idea into the mind of a C.E.O.,8.8,1892929,$ 160000000,$ 292576195,$ 829895144,74.0,3439.0,462.0
tt0137523,Fight Club,Fight Club,1999,1999-11-12,Drama,139,"USA, Germany",English,David Fincher,"Chuck Palahniuk, Jim Uhls",Fox 2000 Pictures,"Edward Norton, Brad Pitt, Meat Loaf, Zach Grenier, Richmond Arquette, David Andrews, George Maguire, Eugenie Bondurant, Helena Bonham Carter, Christina Cabot, Sydney 'Big Dawg' Colston, Rachel Singer, Christie Cronenweth, Tim DeZarn, Ezra Buzzington","An insomniac office worker and a devil-may-care soapmaker form an underground fight club that evolves into something much, much more.",8.8,1725365,$ 63000000,$ 37030102,$ 101187217,66.0,3496.0,365.0
tt0073486,One Flew Over the Cuckoo's Nest,One Flew Over the Cuckoo's Nest,1975,1976-05-14,Drama,133,USA,English,Milos Forman,"Lawrence Hauben, Bo Goldman",Fantasy Films,"Jack Nicholson, Louise Fletcher, Will Sampson, Michael Berryman, Alonzo Brown, Peter Brocco, Scatman Crothers, Dean R. Brooks, Mwako Cumbuka, Danny DeVito, William Duell, Josip Elic, Lan Fendors, Nathan George, Ken Kenny","A criminal pleads insanity and is admitted to a mental institution, where he rebels against the oppressive nurse and rallies up the scared patients.",8.7,852750,$ 3000000,$ 108981275,$ 108997629,83.0,888.0,164.0
tt0133093,The Matrix,The Matrix,1999,1999-06-11,"Action, Sci-Fi",136,USA,English,"Lana Wachowski, Lilly Wachowski","Lilly Wachowski, Lana Wachowski",Warner Bros.,"Keanu Reeves, Laurence Fishburne, Carrie-Anne Moss, Hugo Weaving, Gloria Foster, Joe Pantoliano, Marcus Chong, Julian Arahanga, Matt Doran, Belinda McClory, Anthony Ray Parker, Paul Goddard, Robert Taylor, David Aston, Marc Aden Gray",A computer hacker learns from mysterious rebels about the true nature of his reality and his role in the war against its controllers.,8.7,1554261,$ 63000000,$ 171479930,$ 465343787,73.0,4069.0,337.0
tt0099685,Goodfellas,Goodfellas,1990,1990-11-23,"Biography, Crime, Drama",146,USA,"English, Italian",Martin Scorsese,"Nicholas Pileggi, Nicholas Pileggi",Warner Bros.,"Robert De Niro, Ray Liotta, Joe Pesci, Lorraine Bracco, Paul Sorvino, Frank Sivero, Tony Darrow, Mike Starr, Frank Vincent, Chuck Low, Frank DiLeo, Henny Youngman, Gina Mastrogiacomo, Catherine Scorsese, Charles Scorsese","The story of Henry Hill and his life in the mob, covering his relationship with his wife Karen Hill and his mob partners Jimmy Conway and Tommy DeVito in the Italian-American crime syndicate.",8.7,933616,$ 25000000,$ 46836214,$ 46879633,89.0,1158.0,229.0
tt0167261,The Lord of the Rings: The Two Towers,The Lord of the Rings: The Two Towers,2002,2002-12-18,"Adventure, Drama, Fantasy",179,"New Zealand, USA","English, Sindarin, Old English",Peter Jackson,"J.R.R. Tolkien, Fran Walsh",New Line Cinema,"Bruce Allpress, Sean Astin, John Bach, Sala Baker, Cate Blanchett, Orlando Bloom, Billy Boyd, Jed Brophy, Sam Comery, Brad Dourif, Calum Gittins, Bernard Hill, Bruce Hopkins, Paris Howe Strewe, Christopher Lee","While Frodo and Sam edge closer to Mordor with the help of the shifty Gollum, the divided fellowship makes a stand against Sauron's new ally, Saruman, and his hordes of Isengard.",8.7,1387154,$ 94000000,$ 342551365,$ 927600630,87.0,2488.0,315.0
tt0080684,Star Wars: Episode V - The Empire Strikes Back,Star Wars: Episode V - The Empire Strikes Back,1980,1980-06-27,"Action, Adventure, Fantasy",124,USA,English,Irvin Kershner,"Leigh Brackett, Lawrence Kasdan",Lucasfilm,"Mark Hamill, Harrison Ford, Carrie Fisher, Billy Dee Williams, Anthony Daniels, David Prowse, Peter Mayhew, Kenny Baker, Frank Oz, Alec Guinness, Jeremy Bulloch, John Hollis, Jack Purvis, Des Webb, Clive Revill","After the Rebels are brutally overpowered by the Empire on the ice planet Hoth, Luke Skywalker begins Jedi training with Yoda, while his friends are pursued by Darth Vader.",8.7,1078687,$ 18000000,$ 290271960,$ 547879454,82.0,1098.0,204.0
tt1302006,The Irishman,The Irishman,2019,2019-11-27,"Biography, Crime, Drama",209,USA,"English, Italian, Latin",Martin Scorsese,"Charles Brandt, Steven Zaillian",Fábrica de Cine,"Robert De Niro, Al Pacino, Jesse Plemons, Anna Paquin, Joe Pesci, Stephen Graham, Bobby Cannavale, Harvey Keitel, Jack Huston, Kathrine Narducci, Domenick Lombardozzi, Dascha Polanco, Aleksa Palladino, Ray Romano, Steven Van Zandt",A mob hitman recalls his possible involvement with the slaying of Jimmy Hoffa.,8.7,8846,$ 159000000,,,94.0,99.0,156.0
tt0056058,Seppuku,Seppuku,1962,1962-09-16,"Drama, History",133,Japan,Japanese,Masaki Kobayashi,"Yasuhiko Takiguchi, Shinobu Hashimoto",Shochiku,"Tatsuya Nakadai, Akira Ishihama, Shima Iwashita, Tetsurô Tanba, Masao Mishima, Ichirô Nakatani, Kei Satô, Yoshio Inaba, Hisashi Igawa, Tôru Takeuchi, Yoshirô Aoki, Tatsuo Matsumura, Akiji Kobayashi, Kôichi Hayashi, Ryûtarô Gomi","When a ronin requesting seppuku at a feudal lord's palace is told of the brutal suicide of another ronin who previously visited, he reveals how their pasts are intertwined - and in doing so challenges the clan's integrity.",8.7,27841,,,$ 15222,85.0,214.0,87.0
tt0319836,Matir moina,Matir moina,2002,2002,"Drama, History",95,Bangladesh,Bengali,Tareque Masud,"Catherine Masud, Tareque Masud",Audiovision,"Nurul Islam Bablu, Russell Farazi, Jayanto Chattopadhyay, Rokeya Prachy, Soaeb Islam, Lameesa R. Reemjheem, Moin Ahmed, Md. Moslemuddin, Abdul Karim, Shah Alam Dewan, Golam Mahmud, Pradip Mittra Mithun, Auyon Chowdhury, Masud Ali Khan, Manjila Begum","A family must come to grips with its culture, its faith, and the brutal political changes entering its small-town world.",8.6,3546,$ 300000,,$ 46852,75.0,22.0,26.0
tt0317248,Cidade de Deus,Cidade de Deus,2002,2003-01-03,"Crime, Drama",130,"Brazil, France, Germany",Portuguese,"Fernando Meirelles, Kátia Lund","Paulo Lins, Bráulio Mantovani",O2 Filmes,"Alexandre Rodrigues, Leandro Firmino, Phellipe Haagensen, Douglas Silva, Jonathan Haagensen, Matheus Nachtergaele, Seu Jorge, Jefechander Suplino, Alice Braga, Emerson Gomes, Edson Oliveira, Michel Gomes, Roberta Rodrigues, Luis Otávio, Kiko Marques","In the slums of Rio, two kids' paths diverge as one struggles to become a photographer and the other a kingpin.",8.6,659266,$ 3300000,$ 7564459,$ 30680793,79.0,942.0,223.0
tt0102926,The Silence of the Lambs,The Silence of the Lambs,1991,1991-06-14,"Crime, Drama, Thriller",118,USA,"English, Latin",Jonathan Demme,"Thomas Harris, Ted Tally",Strong Heart/Demme Production,"Jodie Foster, Lawrence A. Bonney, Kasi Lemmons, Lawrence T. Wrentz, Scott Glenn, Anthony Heald, Frankie Faison, Don Brockett, Frank Seals Jr., Stuart Rudin, Anthony Hopkins, Maria Skorobogatov, Jeffrie Lane, Leib Lensky, George 'Red' Schwartz","A young F.B.I. cadet must receive the help of an incarcerated and manipulative cannibal killer to help catch another serial killer, a madman who skins his victims.",8.6,1169794,$ 19000000,$ 130742922,$ 272753884,85.0,1141.0,206.0
tt0816692,Interstellar,Interstellar,2014,2014-11-07,"Adventure, Drama, Sci-Fi",169,"USA, UK, Canada",English,Christopher Nolan,"Jonathan Nolan, Christopher Nolan",Paramount Pictures,"Ellen Burstyn, Matthew McConaughey, Mackenzie Foy, John Lithgow, Timothée Chalamet, David Oyelowo, Collette Wolfe, Francis X. McCarthy, Bill Irwin, Anne Hathaway, Andrew Borba, Wes Bentley, William Devane, Michael Caine, David Gyasi",A team of explorers travel through a wormhole in space in an attempt to ensure humanity's survival.,8.6,1348155,$ 165000000,$ 188020017,$ 677471339,74.0,3571.0,612.0
tt0047478,Shichinin no samurai,Shichinin no samurai,1954,1954-04-26,"Action, Adventure, Drama",207,Japan,Japanese,Akira Kurosawa,"Akira Kurosawa, Shinobu Hashimoto",Toho Company,"Toshirô Mifune, Takashi Shimura, Keiko Tsushima, Yukiko Shimazaki, Kamatari Fujiwara, Daisuke Katô, Isao Kimura, Minoru Chiaki, Seiji Miyaguchi, Yoshio Kosugi, Bokuzen Hidari, Yoshio Inaba, Yoshio Tsuchiya, Kokuten Kôdô, Eijirô Tôno",A poor village under attack by bandits recruits seven unemployed samurai to help them defend themselves.,8.6,292222,JPY 125000000,$ 318649,$ 322773,98.0,655.0,121.0
tt6751668,Gisaengchung,Gisaengchung,2019,2020-02-07,"Comedy, Drama, Thriller",132,South Korea,"Korean, English",Bong Joon Ho,"Han Jin Won, Bong Joon Ho",Barunson E&A,"Kang-ho Song, Sun-kyun Lee, Yeo-jeong Jo, Woo-sik Choi, Hye-jin Jang, So-dam Park, Ji-so Jung, Ji-hye Lee, JaeWook Park, Myeong-hoon Park, Seo-joon Park, Keun-rok Park, Seong-Bong Ahn, Kang Echae, Jeong Esuz","All unemployed, Ki-taek and his family take peculiar interest in the wealthy and glamorous Parks, as they ingratiate themselves into their lives and get entangled in an unexpected incident.",8.6,74076,,$ 12558363,$ 109012467,95.0,379.0,285.0
tt0114369,Se7en,Se7en,1995,1996-01-05,"Crime, Drama, Mystery",127,USA,English,David Fincher,Andrew Kevin Walker,Cecchi Gori Pictures,"Morgan Freeman, Andrew Kevin Walker, Daniel Zacapa, Brad Pitt, Gwyneth Paltrow, John Cassini, Bob Mack, Peter Crombie, Reg E. Cathey, R. Lee Ermey, George Christy, Endre Hules, Hawthorne James, William Davidson, Bob Collins","Two detectives, a rookie and a veteran, hunt a serial killer who uses the seven deadly sins as his motives.",8.6,1327366,$ 33000000,$ 100125643,$ 327311859,65.0,1294.0,258.0
tt0245429,Sen to Chihiro no kamikakushi,Sen to Chihiro no kamikakushi,2001,2003-09-12,"Animation, Adventure, Family",125,Japan,"Japanese, English",Hayao Miyazaki,Hayao Miyazaki,Tokuma Shoten,"Rumi Hiiragi, Miyu Irino, Mari Natsuki, Takashi Naitô, Yasuko Sawaguchi, Tatsuya Gashûin, Ryûnosuke Kamiki, Yumi Tamai, Yô Ôizumi, Koba Hayashi, Tsunehiko Kamijô, Takehiko Ono, Bunta Sugawara, Shigeru Wakita, Shirô Saitô","During her family's move to the suburbs, a sullen 10-year-old girl wanders into a world ruled by gods, witches, and spirits, and where humans are changed into beasts.",8.6,577019,$ 19000000,$ 13750644,$ 347742810,96.0,1092.0,275.0
tt0038650,It's a Wonderful Life,It's a Wonderful Life,1946,1947-06-20,"Drama, Family, Fantasy",130,USA,"English, French",Frank Capra,"Frances Goodrich, Albert Hackett",Liberty Films (II),"James Stewart, Donna Reed, Lionel Barrymore, Thomas Mitchell, Henry Travers, Beulah Bondi, Frank Faylen, Ward Bond, Gloria Grahame, H.B. Warner, Frank Albertson, Todd Karns, Samuel S. Hinds, Mary Treen, Virginia Patton",An angel is sent from Heaven to help a desperately frustrated businessman by showing him what life would have been like if he had never existed.,8.6,366715,$ 3180000,,$ 5049416,89.0,849.0,168.0
tt0120689,The Green Mile,The Green Mile,1999,2000-03-03,"Crime, Drama, Fantasy",189,USA,"English, French",Frank Darabont,"Stephen King, Frank Darabont",Castle Rock Entertainment,"Tom Hanks, David Morse, Bonnie Hunt, Michael Clarke Duncan, James Cromwell, Michael Jeter, Graham Greene, Doug Hutchison, Sam Rockwell, Barry Pepper, Jeffrey DeMunn, Patricia Clarkson, Harry Dean Stanton, Dabbs Greer, Eve Brent","The lives of guards on Death Row are affected by one of their charges: a black man accused of child murder and rape, yet who has a mysterious gift.",8.6,1050082,$ 60000000,$ 136801374,$ 286801374,61.0,1571.0,199.0
tt0118799,La vita è bella,La vita è bella,1997,1997-12-20,"Comedy, Drama, Romance",116,Italy,"Italian, German, English",Roberto Benigni,"Vincenzo Cerami, Roberto Benigni",Melampo Cinematografica,"Roberto Benigni, Nicoletta Braschi, Giorgio Cantarini, Giustino Durano, Sergio Bini Bustric, Marisa Paredes, Horst Buchholz, Lidia Alfonsi, Giuliana Lojodice, Amerigo Fontani, Pietro De Silva, Francesco Guzzo, Raffaella Lebboroni, Claudio Alfonsi, Gil Baroni","When an open-minded Jewish librarian and his son become victims of the Holocaust, he uses a perfect mixture of will, humor, and imagination to protect his son from the dangers around their camp.",8.6,570734,$ 20000000,$ 57563264,$ 230098753,59.0,1208.0,161.0
tt0076759,Star Wars,Star Wars,1977,1977-12-27,"Action, Adventure, Fantasy",121,USA,English,George Lucas,George Lucas,Lucasfilm,"Mark Hamill, Harrison Ford, Carrie Fisher, Peter Cushing, Alec Guinness, Anthony Daniels, Kenny Baker, Peter Mayhew, David Prowse, Phil Brown, Shelagh Fraser, Jack Purvis, Alex McCrindle, Eddie Byrne, Drewe Henley","Luke Skywalker joins forces with a Jedi Knight, a cocky pilot, a Wookiee and two droids to save the galaxy from the Empire's world-destroying battle station, while also attempting to rescue Princess Leia from the mysterious Darth Vader.",8.6,1147198,$ 11000000,$ 460998507,$ 775512064,90.0,1688.0,172.0
tt0120815,Saving Private Ryan,Saving Private Ryan,1998,1998-09-11,"Drama, War",169,USA,"English, French, German, Czech",Steven Spielberg,Robert Rodat,DreamWorks,"Tom Hanks, Tom Sizemore, Edward Burns, Barry Pepper, Adam Goldberg, Vin Diesel, Giovanni Ribisi, Jeremy Davies, Matt Damon, Ted Danson, Paul Giamatti, Dennis Farina, Joerg Stadler, Max Martini, Dylan Bruno","Following the Normandy Landings, a group of U.S. soldiers go behind enemy lines to retrieve a paratrooper whose brothers have been killed in action.",8.6,1143733,$ 70000000,$ 217049603,$ 482349603,91.0,2452.0,264.0
tt0054215,Psycho,Psycho,1960,1961-07-07,"Horror, Mystery, Thriller",109,USA,English,Alfred Hitchcock,"Joseph Stefano, Robert Bloch",Shamley Productions,"Anthony Perkins, Vera Miles, John Gavin, Janet Leigh, Martin Balsam, John McIntire, Simon Oakland, Frank Albertson, Patricia Hitchcock, Vaughn Taylor, Lurene Tuttle, John Anderson, Mort Mills","A Phoenix secretary embezzles forty thousand dollars from her employer's client, goes on the run, and checks into a remote motel run by a young man under the domination of his mother.",8.5,555227,$ 806947,$ 32000000,$ 32000000,97.0,1190.0,231.0
tt0114814,The Usual Suspects,The Usual Suspects,1995,1995-12-15,"Crime, Mystery, Thriller",106,"USA, Germany","English, Hungarian, Spanish, French",Bryan Singer,Christopher McQuarrie,PolyGram Filmed Entertainment,"Stephen Baldwin, Gabriel Byrne, Benicio Del Toro, Kevin Pollak, Kevin Spacey, Chazz Palminteri, Pete Postlethwaite, Suzy Amis, Giancarlo Esposito, Dan Hedaya, Paul Bartel, Carl Bressler, Phillipe Simon, Jack Shearer, Christine Estabrook","A sole survivor tells of the twisty events leading up to a horrific gun battle on a boat, which began when five criminals met at a seemingly random police lineup.",8.5,928501,$ 6000000,$ 23341568,$ 23341568,77.0,1286.0,173.0
tt0482571,The Prestige,The Prestige,2006,2006-11-10,"Drama, Mystery, Sci-Fi",130,"USA, UK",English,Christopher Nolan,"Jonathan Nolan, Christopher Nolan",Touchstone Pictures,"Hugh Jackman, Christian Bale, Michael Caine, Piper Perabo, Rebecca Hall, Scarlett Johansson, Samantha Mahurin, David Bowie, Andy Serkis, Daniel Davis, Jim Piddock, Christopher Neame, Mark Ryan, Roger Rees, Jamie Harris","After a tragic accident, two stage magicians engage in a battle to create the ultimate illusion while sacrificing everything they have to outwit each other.",8.5,1095249,$ 40000000,$ 53089891,$ 109676311,66.0,1285.0,368.0
tt2582802,Whiplash,Whiplash,2014,2015-01-16,"Drama, Music",106,USA,English,Damien Chazelle,Damien Chazelle,Bold Films,"Miles Teller, J.K. Simmons, Paul Reiser, Melissa Benoist, Austin Stowell, Nate Lang, Chris Mulkey, Damon Gupton, Suanne Spoke, Max Kasch, Charlie Ian, Jayson Blair, Kofi Siriboe, Kavita Patil, C.J. Vana",A promising young drummer enrolls at a cut-throat music conservatory where his dreams of greatness are mentored by an instructor who will stop at nothing to realize a student's potential.,8.5,641828,$ 3300000,$ 13092000,$ 48982041,88.0,1077.0,569.0
tt0407887,The Departed,The Departed,2006,2006-10-06,"Crime, Drama, Thriller",151,USA,"English, Cantonese",Martin Scorsese,"William Monahan, Alan Mak",Warner Bros.,"Leonardo DiCaprio, Matt Damon, Jack Nicholson, Mark Wahlberg, Martin Sheen, Ray Winstone, Vera Farmiga, Anthony Anderson, Alec Baldwin, Kevin Corrigan, James Badge Dale, David O'Hara, Mark Rolston, Robert Wahlberg, Kristen Dalton",An undercover cop and a mole in the police attempt to identify each other while infiltrating an Irish gang in South Boston.,8.5,1104022,$ 90000000,$ 132384315,$ 291465034,85.0,2210.0,357.0
tt0095765,Nuovo Cinema Paradiso,Nuovo Cinema Paradiso,1988,1990-04-20,Drama,155,"Italy, France",Italian,Giuseppe Tornatore,"Giuseppe Tornatore, Giuseppe Tornatore",Cristaldifilm,"Antonella Attili, Enzo Cannavale, Isa Danieli, Leo Gullotta, Marco Leonardi, Pupella Maggio, Agnese Nano, Leopoldo Trieste, Salvatore Cascio, Tano Cimarosa, Nicola Di Pinto, Roberta Lena, Nino Terzo, Jacques Perrin, Philippe Noiret",A filmmaker recalls his childhood when falling in love with the pictures at the cinema of his home village and forms a deep friendship with the cinema's projectionist.,8.5,208536,$ 5000000,$ 12397210,$ 12645096,80.0,457.0,112.0
tt0027977,Modern Times,Modern Times,1936,1936-10-16,"Comedy, Drama, Family",87,USA,English,Charles Chaplin,Charles Chaplin,Charles Chaplin Productions,"Charles Chaplin, Paulette Goddard, Henry Bergman, Tiny Sandford, Chester Conklin, Hank Mann, Stanley Blystone, Al Ernest Garcia, Richard Alexander, Cecil Reynolds, Mira McKinney, Murdock MacQuarrie, Wilfred Lucas, Edward LeSaint, Fred Malatesta",The Tramp struggles to live in modern industrial society with the help of a young homeless woman.,8.5,197969,$ 1500000,$ 163577,$ 445226,96.0,262.0,146.0
tt1675434,The Intouchables,Intouchables,2011,2011-11-02,"Biography, Comedy, Drama",112,France,"French, English","Olivier Nakache, Éric Toledano","Olivier Nakache, Philippe Pozzo di Borgo",Quad Productions,"François Cluzet, Omar Sy, Anne Le Ny, Audrey Fleurot, Joséphine de Meaux, Clotilde Mollet, Alba Gaïa Bellugi, Cyril Mendy, Salimata Kamate, Absa Diatou Toure, Grégoire Oestermann, Dominique Daguier, François Caron, Christian Ameri, Thomas Solivérès","After he becomes a quadriplegic from a paragliding accident, an aristocrat hires a young man from the projects to be his caregiver.",8.5,698385,EUR 9500000,$ 10198820,$ 426588510,57.0,543.0,319.0
tt4729430,Klaus,Klaus,2019,2019-11-15,"Animation, Adventure, Comedy",96,Spain,"English, Spanish",Sergio Pablos,"Zach Lewis, Jim Mahoney",The SPA Studios,"Rashida Jones, Joan Cusack, J.K. Simmons, Jason Schwartzman, Will Sasso, Sergio Pablos, Mila Brener, Teddy Blum, Julian Zane, Emma Shannon, Sydney Brower, Tucker Meek, Sky Alexis, Finn Carr, Kendall Joy Hall","A simple act of kindness always sparks another, even in a frozen, faraway place. When Smeerensburg's new postman, Jesper, befriends toymaker Klaus, their gifts melt an age-old feud and deliver a sleigh full of holiday traditions.",8.5,4616,$ 40000000,,,63.0,85.0,32.0
tt0064116,Once Upon a Time in the West,C'era una volta il West,1968,1970-02-06,Western,165,"Italy, USA","Italian, Spanish",Sergio Leone,"Sergio Donati, Sergio Leone",Rafran Cinematografica,"Claudia Cardinale, Henry Fonda, Jason Robards, Charles Bronson, Gabriele Ferzetti, Paolo Stoppa, Woody Strode, Jack Elam, Keenan Wynn, Frank Wolff, Lionel Stander",A mysterious stranger with a harmonica joins forces with a notorious desperado to protect a beautiful widow from a ruthless assassin working for the railroad.,8.5,279235,$ 5000000,,$ 112229,80.0,649.0,143.0
tt0103064,Terminator 2: Judgment Day,Terminator 2: Judgment Day,1991,1991-08-16,"Action, Sci-Fi",137,USA,"English, Spanish",James Cameron,"James Cameron, William Wisher",Carolco Pictures,"Arnold Schwarzenegger, Linda Hamilton, Edward Furlong, Robert Patrick, Earl Boen, Joe Morton, S. Epatha Merkerson, Castulo Guerra, Danny Cooksey, Jenette Goldstein, Xander Berkeley, Leslie Hamilton Gearren, Ken Gibbel, Robert Winley, Peter Schrum","A cyborg, identical to the one who failed to kill Sarah Connor, must now protect her teenage son, John Connor, from a more advanced and powerful cyborg.",8.5,934766,$ 102000000,$ 205881154,$ 520884847,75.0,1181.0,289.0
tt4154756,Avengers: Infinity War,Avengers: Infinity War,2018,2018-04-26,"Action, Adventure, Sci-Fi",149,USA,English,"Anthony Russo, Joe Russo","Christopher Markus, Stephen McFeely",Marvel Studios,"Robert Downey Jr., Chris Hemsworth, Mark Ruffalo, Chris Evans, Scarlett Johansson, Don Cheadle, Benedict Cumberbatch, Tom Holland, Chadwick Boseman, Zoe Saldana, Karen Gillan, Tom Hiddleston, Paul Bettany, Elizabeth Olsen, Anthony Mackie",The Avengers and their allies must be willing to sacrifice all in an attempt to defeat the powerful Thanos before his blitz of devastation and ruin puts an end to the universe.,8.5,725138,$ 321000000,$ 678815482,$ 2048359754,68.0,4111.0,591.0
tt0253474,The Pianist,The Pianist,2002,2003-01-24,"Biography, Drama, Music",150,"UK, France, Poland, Germany","English, German, Russian",Roman Polanski,"Ronald Harwood, Wladyslaw Szpilman",R.P. Productions,"Adrien Brody, Emilia Fox, Michal Zebrowski, Ed Stoppard, Maureen Lipman, Frank Finlay, Jessica Kate Meyer, Julia Rayner, Wanja Mues, Richard Ridings, Nomi Sharron, Anthony Milner, Lucy Skeaping, Roddy Skeaping, Ben Harlan",A Polish Jewish musician struggles to survive the destruction of the Warsaw ghetto of World War II.,8.5,665166,$ 35000000,$ 32572577,$ 120072577,85.0,838.0,190.0
tt0172495,Gladiator,Gladiator,2000,2000-05-12,"Action, Adventure, Drama",155,"USA, UK, Malta, Morocco",English,Ridley Scott,"David Franzoni, David Franzoni",DreamWorks,"Russell Crowe, Joaquin Phoenix, Connie Nielsen, Oliver Reed, Richard Harris, Derek Jacobi, Djimon Hounsou, David Schofield, John Shrapnel, Tomas Arana, Ralf Moeller, Spencer Treat Clark, David Hemmings, Tommy Flanagan, Sven-Ole Thorsen",A former Roman General sets out to exact vengeance against the corrupt emperor who murdered his family and sent him into slavery.,8.5,1246752,$ 103000000,$ 187705427,$ 460583960,67.0,2538.0,249.0
tt0346336,La meglio gioventù,La meglio gioventù,2003,2004-11-12,"Drama, Romance",366,Italy,"Italian, English, Norwegian",Marco Tullio Giordana,"Sandro Petraglia, Stefano Rulli",BiBi Film,"Luigi Lo Cascio, Alessio Boni, Adriana Asti, Sonia Bergamasco, Fabrizio Gifuni, Maya Sansa, Valentina Carnelutti, Jasmine Trinca, Andrea Tidona, Lidia Vitale, Claudio Gioè, Paolo Bonanni, Giovanni Scifoni, Riccardo Scamarcio, Camilla Filippi","An Italian epic that follows the lives of two brothers, from the 1960s to the 2000s.",8.5,19344,,$ 274024,$ 2799773,89.0,95.0,66.0
tt0110413,Léon,Léon,1994,1995-02-10,"Action, Crime, Drama",110,France,"English, Italian, French",Luc Besson,Luc Besson,Gaumont,"Jean Reno, Gary Oldman, Natalie Portman, Danny Aiello, Peter Appel, Willi One Blood, Don Creech, Keith A. Glascoe, Randolph Scott, Michael Badalucco, Ellen Greene, Elizabeth Regen, Carl J. Matusovich, Frank Senger, Lucius Wyatt Cherokee","Mathilda, a 12-year-old girl, is reluctantly taken in by Léon, a professional assassin, after her family is murdered. An unusual relationship forms as she becomes his protégée and learns the assassin's trade.",8.5,955272,FRF 115000000,$ 19501238,$ 19501238,64.0,1039.0,129.0
tt4154796,Avengers: Endgame,Avengers: Endgame,2019,2019-04-25,"Action, Adventure, Drama",181,USA,"English, Japanese, Xhosa, German","Anthony Russo, Joe Russo","Christopher Markus, Stephen McFeely",Marvel Studios,"Robert Downey Jr., Chris Evans, Mark Ruffalo, Chris Hemsworth, Scarlett Johansson, Jeremy Renner, Don Cheadle, Paul Rudd, Benedict Cumberbatch, Chadwick Boseman, Brie Larson, Tom Holland, Karen Gillan, Zoe Saldana, Evangeline Lilly",After the devastating events of,8.5,602792,$ 356000000,$ 858373000,$ 2797800564,78.0,8302.0,531.0
tt0034583,Casablanca,Casablanca,1942,1943-01-23,"Drama, Romance, War",102,USA,"English, French, German, Italian",Michael Curtiz,"Julius J. Epstein, Philip G. Epstein",Warner Bros.,"Humphrey Bogart, Ingrid Bergman, Paul Henreid, Claude Rains, Conrad Veidt, Sydney Greenstreet, Peter Lorre, S.Z. Sakall, Madeleine Lebeau, Dooley Wilson, Joy Page, John Qualen, Leonid Kinskey, Curt Bois",A cynical American expatriate struggles to decide whether or not he should help his former lover and her fugitive husband escape French Morocco.,8.5,487757,$ 950000,$ 4108411,$ 4374761,100.0,1232.0,187.0
tt0021749,City Lights,City Lights,1931,1931-08-21,"Comedy, Drama, Romance",87,USA,English,Charles Chaplin,Charles Chaplin,Charles Chaplin Productions,"Virginia Cherrill, Florence Lee, Harry Myers, Al Ernest Garcia, Hank Mann, Charles Chaplin","With the aid of a wealthy erratic tippler, a dewy-eyed tramp who has fallen in love with a sightless flower girl accumulates money to be able to help her medically.",8.5,152716,$ 1500000,$ 19181,$ 32609,99.0,270.0,120.0
tt0400234,Black Friday,Black Friday,2004,2007-02-09,"Action, Crime, Drama",143,India,Hindi,Anurag Kashyap,"Anurag Kashyap, Hussain Zaidi",Mid Day Multimedia Limited,"Kay Kay Menon, Pavan Malhotra, Aditya Srivastava, Dibyendu Bhattacharya, Kishore Kadam, Gajraj Rao, Zakir Hussain, Somesh Agarwal, Akhilesh Tripathi, Imtiaz Ali, Raj Arjun, Ragesh Asthana, Sushovan Banerjee, Asif Basra, Aditya Bhattacharya","Black Friday is a film about the investigations following the 1993 serial Bombay bomb blasts, told through the different stories of the people involved --police, conspirators, victims, middlemen.",8.5,16775,,$ 35000,$ 1610897,76.0,59.0,13.0
tt0088763,Back to the Future,Back to the Future,1985,1985-12-04,"Adventure, Comedy, Sci-Fi",116,USA,English,Robert Zemeckis,"Robert Zemeckis, Bob Gale",Universal Pictures,"Michael J. Fox, Christopher Lloyd, Lea Thompson, Crispin Glover, Thomas F. Wilson, Claudia Wells, Marc McClure, Wendie Jo Sperber, George DiCenzo, Frances Lee McCain, James Tolkan, J.J. Cohen, Casey Siemaszko, Billy Zane, Harry Waters Jr.","Marty McFly, a 17-year-old high school student, is accidentally sent thirty years into the past in a time-traveling DeLorean invented by his close friend, the maverick scientist Doc Brown.",8.5,965471,$ 19000000,$ 211159762,$ 388355305,87.0,1050.0,233.0
tt0110357,The Lion King,The Lion King,1994,1994-10-21,"Animation, Adventure, Drama",88,USA,"English, Swahili, Xhosa, Zulu","Roger Allers, Rob Minkoff","Irene Mecchi, Jonathan Roberts",Walt Disney Pictures,"Rowan Atkinson, Matthew Broderick, Niketa Calame-Harris, Jim Cummings, Whoopi Goldberg, Robert Guillaume, Jeremy Irons, James Earl Jones, Moira Kelly, Nathan Lane, Zoe Leader, Cheech Marin, Ernie Sabella, Madge Sinclair, Jonathan Taylor Thomas","A Lion cub crown prince is tricked by a treacherous uncle into thinking he caused his father's death and flees into exile in despair, only to learn in adulthood his identity and his responsibilities.",8.5,871749,$ 45000000,$ 422783777,$ 968511805,88.0,906.0,225.0
tt0120586,American History X,American History X,1998,1999-03-26,Drama,119,USA,English,Tony Kaye,David McKenna,New Line Cinema,"Edward Norton, Edward Furlong, Beverly D'Angelo, Jennifer Lien, Ethan Suplee, Fairuza Balk, Avery Brooks, Elliott Gould, Stacy Keach, William Russ, Guy Torry, Joe Cortese, Jason Bose Smith, Antonio David Lyons, Alex Sol",A former neo-nazi skinhead tries to prevent his younger brother from going down the same wrong path that he did.,8.5,973804,$ 20000000,$ 6719864,$ 23875127,62.0,1513.0,167.0
tt1853728,Django Unchained,Django Unchained,2012,2013-01-18,"Drama, Western",165,USA,"English, German, French, Italian",Quentin Tarantino,Quentin Tarantino,The Weinstein Company,"Jamie Foxx, Christoph Waltz, Leonardo DiCaprio, Kerry Washington, Samuel L. Jackson, Walton Goggins, Dennis Christopher, James Remar, David Steen, Dana Gourrier, Nichole Galicia, Laura Cayouette, Ato Essandoh, Sammi Rotibi, Clay Donahue Fontenot","With the help of a German bounty hunter, a freed slave sets out to rescue his wife from a brutal Mississippi plantation owner.",8.4,1249336,$ 100000000,$ 162805434,$ 425368238,81.0,1407.0,829.0
tt0081505,The Shining,The Shining,1980,1980-12-12,"Drama, Horror",146,"UK, USA",English,Stanley Kubrick,"Stephen King, Stanley Kubrick",Warner Bros.,"Jack Nicholson, Shelley Duvall, Danny Lloyd, Scatman Crothers, Barry Nelson, Philip Stone, Joe Turkel, Anne Jackson, Tony Burton, Lia Beldam, Billie Gibson, Barry Dennen, David Baxt, Manning Redwood, Lisa Burns","A family heads to an isolated hotel for the winter where a sinister presence influences the father into violence, while his psychic son sees horrific forebodings from both past and future.",8.4,815074,$ 19000000,$ 44781695,$ 45655744,66.0,1624.0,337.0
tt0047396,Rear Window,Rear Window,1954,1955-01-07,"Mystery, Thriller",112,USA,English,Alfred Hitchcock,"John Michael Hayes, Cornell Woolrich",Alfred J. Hitchcock Productions,"James Stewart, Grace Kelly, Wendell Corey, Thelma Ritter, Raymond Burr, Judith Evelyn, Ross Bagdasarian, Georgine Darcy, Sara Berner, Frank Cady, Jesslyn Fax, Rand Harper, Irene Winston, Havis Davenport",A wheelchair-bound photographer spies on his neighbors from his apartment window and becomes convinced one of them has committed murder.,8.4,410462,$ 1000000,$ 36764313,$ 37032034,100.0,759.0,145.0
tt0090605,Aliens,Aliens,1986,1986-09-19,"Action, Adventure, Sci-Fi",137,"USA, UK",English,James Cameron,"James Cameron, David Giler",Twentieth Century Fox,"Sigourney Weaver, Carrie Henn, Michael Biehn, Paul Reiser, Lance Henriksen, Bill Paxton, William Hope, Jenette Goldstein, Al Matthews, Mark Rolston, Ricco Ross, Colette Hiller, Daniel Kash, Cynthia Dale Scott, Tip Tipping","Ellen Ripley is rescued by a deep salvage team after being in hypersleep for 57 years. The moon that the Nostromo visited has been colonized, but contact is lost. This time, colonial marines have impressive firepower, but will that be enough?",8.4,614342,$ 18500000,$ 85160248,$ 131335326,84.0,1213.0,302.0
tt0209144,Memento,Memento,2000,2000-10-27,"Mystery, Thriller",113,USA,English,Christopher Nolan,"Christopher Nolan, Jonathan Nolan",Newmarket Capital Group,"Guy Pearce, Carrie-Anne Moss, Joe Pantoliano, Mark Boone Junior, Russ Fega, Jorja Fox, Stephen Tobolowsky, Harriet Sansom Harris, Thomas Lennon, Callum Keith Rennie, Kimberly Campbell, Marianne Muellerleile, Larry Holden",A man with short-term memory loss attempts to track down his wife's murderer.,8.4,1052890,$ 9000000,$ 25544867,$ 39723096,80.0,2166.0,203.0
tt1345836,The Dark Knight Rises,The Dark Knight Rises,2012,2012-07-20,"Action, Thriller",164,"UK, USA","English, Arabic",Christopher Nolan,"Jonathan Nolan, Christopher Nolan",Warner Bros.,"Christian Bale, Gary Oldman, Tom Hardy, Joseph Gordon-Levitt, Anne Hathaway, Marion Cotillard, Morgan Freeman, Michael Caine, Matthew Modine, Alon Aboutboul, Ben Mendelsohn, Burn Gorman, Daniel Sunjata, Aidan Gillen, Sam Kennard","Eight years after the Joker's reign of anarchy, Batman, with the help of the enigmatic Catwoman, is forced from his exile to save Gotham City from the brutal guerrilla terrorist Bane.",8.4,1421494,$ 250000000,$ 448139099,$ 1081041287,78.0,2878.0,837.0
tt0405094,The Lives of Others,Das Leben der Anderen,2006,2007-04-13,"Drama, Thriller",137,Germany,German,Florian Henckel von Donnersmarck,Florian Henckel von Donnersmarck,Wiedemann & Berg Filmproduktion,"Martina Gedeck, Ulrich Mühe, Sebastian Koch, Ulrich Tukur, Thomas Thieme, Hans-Uwe Bauer, Volkmar Kleinert, Matthias Brenner, Charly Hübner, Herbert Knaup, Bastian Trost, Marie Gruber, Volker Michalowski, Werner Daehn, Martin Brambach","In 1984 East Berlin, an agent of the secret police, conducting surveillance on a writer and his lover, finds himself becoming increasingly absorbed by their lives.",8.4,331815,$ 2000000,$ 11286112,$ 77356942,89.0,458.0,217.0
tt5311514,Kimi no na wa.,Kimi no na wa.,2016,2016-11-18,"Animation, Drama, Fantasy",106,Japan,Japanese,Makoto Shinkai,"Makoto Shinkai, Makoto Shinkai",Amuse,"Ryûnosuke Kamiki, Mone Kamishiraishi, Ryô Narita, Aoi Yûki, Nobunaga Shimazaki, Kaito Ishikawa, Kanon Tani, Masaki Terasoma, Sayaka Ôhara, Kazuhiko Inoue, Chafûrin, Kana Hanazawa, Yuka Terasaki, Takashi Onozuka, Yôhei Namekawa","Two strangers find themselves linked in a bizarre way. When a connection forms, will distance be the only thing to keep them apart?",8.4,148393,JPY 370000000,$ 5017246,$ 357986087,79.0,468.0,215.0
tt0101985,Gu ling jie shao nian sha ren shi jian,Gu ling jie shao nian sha ren shi jian,1991,1991-07-27,"Crime, Drama, Romance",237,Taiwan,"Mandarin, Min Nan, Shanghainese",Edward Yang,"Hung Hung, Mingtang Lai",Yang & His Gang Filmmakers,"Chen Chang, Lisa Yang, Kuo-Chu Chang, Elaine Jin, Chuan Wang, Han Chang, Hsiu-Chiung Chiang, Stephanie Lai, Chi-tsan Wang, Lawrence Ko, Chih-Kang Tan, Ming-Hsin Chang, Chun-Lung Jung, Hui-Kuo Chou, Ching-Chi Liu","Based on a true story, primarily on a conflict between two youth gangs, a 14-year-old boy's girlfriend conflicts with the head of one gang for an unclear reason, until finally the conflict comes to a violent climax.",8.4,5973,,,,90.0,25.0,44.0
tt4633694,Spider-Man: Into the Spider-Verse,Spider-Man: Into the Spider-Verse,2018,2018-12-12,"Animation, Action, Adventure",117,USA,"English, Spanish","Bob Persichetti, Peter Ramsey","Phil Lord, Rodney Rothman",Sony Pictures Entertainment (SPE),"Shameik Moore, Jake Johnson, Hailee Steinfeld, Mahershala Ali, Brian Tyree Henry, Lily Tomlin, Luna Lauren Velez, Zoë Kravitz, John Mulaney, Kimiko Glenn, Nicolas Cage, Kathryn Hahn, Liev Schreiber, Chris Pine, Natalie Morales","Teen Miles Morales becomes Spider-Man of his reality, crossing his path with five counterparts from other dimensions to stop a threat for all realities.",8.4,275653,$ 90000000,$ 190241310,$ 375540831,87.0,1653.0,379.0
tt1187043,3 Idiots,3 Idiots,2009,2009-12-25,"Comedy, Drama",170,India,"Hindi, English",Rajkumar Hirani,"Rajkumar Hirani, Abhijat Joshi",Vinod Chopra Productions,"Aamir Khan, Madhavan, Sharman Joshi, Kareena Kapoor, Boman Irani, Omi Vaidya, Mona Singh, Javed Jaffrey, Parikshat Sahni, Olivier Lafont, Rahul Kumar, Amardeep Jha, Farida Dadi, Mukund Bhatt, Chaitali Bose","Two friends are searching for their long lost companion. They revisit their college days and recall the memories of their friend who inspired them to think differently, even as the rest of the world called them ""idiots"".",8.4,310937,INR 550000000,$ 6532874,$ 10741063,67.0,523.0,54.0
tt0061847,Jôi-uchi: Hairyô tsuma shimatsu,Jôi-uchi: Hairyô tsuma shimatsu,1967,1967-06-03,Drama,128,Japan,Japanese,Masaki Kobayashi,"Shinobu Hashimoto, Yasuhiko Takiguchi",Mifune Productions Co. Ltd.,"Toshirô Mifune, Yôko Tsukasa, Gô Katô, Tatsuyoshi Ehara, Etsuko Ichihara, Isao Yamagata, Tatsuya Nakadai, Shigeru Kôyama, Michiko Ôtsuka, Tatsuo Matsumura, Masao Mishima, Jun Hamamura, Emi Yamada, Takamaru Sasaki, Hideo Fukuhara","The mother of a feudal lord's only heir is kidnapped away from her husband by the lord. The husband and his samurai father must decide whether to accept the unjust decision, or risk death to get her back.",8.4,9483,,,,90.0,42.0,36.0
tt0364569,Oldeuboi,Oldeuboi,2003,2004-10-15,"Action, Drama, Mystery",120,South Korea,Korean,Chan-wook Park,"Garon Tsuchiya, Nobuaki Minegishi",CJ Entertainment,"Min-sik Choi, Ji-Tae Yoo, Hye-jeong Kang, Dae-han Ji, Dal-su Oh, Byeong-ok Kim, Seung-shin Lee, Jin-Seo Yoon, Dae-yeon Lee, Kwang-rok Oh, Tae-kyung Oh, Yeon-Seok Yoo, Il-han Oo, Su-hyeon Kim, Seung-jin Lee","After being kidnapped and imprisoned for fifteen years, Oh Dae-Su is released, only to find that he must find his captor in five days.",8.4,472479,$ 3000000,$ 707481,$ 14999673,77.0,924.0,327.0
tt0910970,WALL·E,WALL·E,2008,2008-07-18,"Animation, Adventure, Family",98,USA,English,Andrew Stanton,"Andrew Stanton, Pete Docter",FortyFour Studios,"Ben Burtt, Elissa Knight, Jeff Garlin, Fred Willard, MacInTalk, John Ratzenberger, Kathy Najimy, Sigourney Weaver, Teddy Newton, Bob Bergen, John Cygan, Pete Docter, Paul Eiding, Donald Fullilove, Teresa Ganzel","In the distant future, a small waste-collecting robot inadvertently embarks on a space journey that will ultimately decide the fate of mankind.",8.4,931375,$ 180000000,$ 223808164,$ 521311860,95.0,1177.0,264.0
tt0057012,Dr. Strangelove or: How I Learned to Stop Worrying and Love the Bomb,Dr. Strangelove or: How I Learned to Stop Worrying and Love the Bomb,1964,1965-05-14,Comedy,95,"UK, USA","English, Russian",Stanley Kubrick,"Stanley Kubrick, Terry Southern",Columbia Pictures,"Peter Sellers, George C. Scott, Sterling Hayden, Keenan Wynn, Slim Pickens, Peter Bull, James Earl Jones, Tracy Reed, Jack Creley, Frank Berry, Robert O'Neil, Glenn Beck, Roy Stephens, Shane Rimmer, Hal Galili",An insane general triggers a path to nuclear holocaust that a War Room full of politicians and generals frantically tries to stop.,8.4,423973,$ 1800000,$ 9440272,$ 9443876,97.0,899.0,227.0
tt0078788,Apocalypse Now,Apocalypse Now,1979,1979-12-21,"Drama, Mystery, War",147,USA,"English, French, Vietnamese","Francis Ford Coppola, Francis Ford Coppola","John Milius, Francis Ford Coppola",Zoetrope,"Marlon Brando, Martin Sheen, Robert Duvall, Frederic Forrest, Sam Bottoms, Laurence Fishburne, Albert Hall, Harrison Ford, Dennis Hopper, G.D. Spradlin, Jerry Ziesmer, Scott Glenn, Bo Byers, James Keane, Kerry Rossall",A U.S. Army officer serving in Vietnam is tasked with assassinating a renegade Special Forces Colonel who sees himself as a god.,8.4,563282,$ 31500000,$ 83471511,$ 91880647,94.0,1115.0,312.0
tt0119698,Mononoke-hime,Mononoke-hime,1997,1997-07-12,"Animation, Adventure, Fantasy",134,Japan,Japanese,Hayao Miyazaki,"Hayao Miyazaki, Neil Gaiman",DENTSU Music And Entertainment,"Billy Crudup, Billy Bob Thornton, Minnie Driver, John DiMaggio, Claire Danes, John DeMita, Jada Pinkett Smith, Gillian Anderson, Keith David, Corey Burton, Tara Strong, Julia Fletcher, Debi Derryberry, Alex Fernandez, Jack Fletcher","On a journey to find the cure for a Tatarigami's curse, Ashitaka finds himself in the middle of a war between the forest gods and Tatara, a mining colony. In this quest he also meets San, the Mononoke Hime.",8.4,304061,JPY 2400000000,$ 3799185,$ 161066051,76.0,644.0,195.0
tt0078748,Alien,Alien,1979,1979-09-14,"Horror, Sci-Fi",117,"UK, USA",English,Ridley Scott,"Dan O'Bannon, Dan O'Bannon",Brandywine Productions,"Tom Skerritt, Sigourney Weaver, Veronica Cartwright, Harry Dean Stanton, John Hurt, Ian Holm, Yaphet Kotto, Bolaji Badejo, Helen Horton","After a space merchant vessel perceives an unknown transmission as a distress call, its landing on the source moon finds one of the crew attacked by a mysterious lifeform, and they soon realize that its life cycle has merely begun.",8.4,733620,$ 11000000,$ 81765459,$ 106497869,89.0,1353.0,448.0
tt2380307,Coco,Coco,2017,2018-01-19,"Animation, Adventure, Family",105,USA,"English, Spanish","Lee Unkrich, Adrian Molina","Lee Unkrich, Jason Katz",Walt Disney Pictures,"Anthony Gonzalez, Gael García Bernal, Benjamin Bratt, Alanna Ubach, Renee Victor, Jaime Camil, Alfonso Arau, Herbert Siguenza, Gabriel Iglesias, Lombardo Boyar, Ana Ofelia Murguía, Natalia Cordova-Buckley, Selene Luna, Edward James Olmos, Sofía Espinosa","Aspiring musician Miguel, confronted with his family's ancestral ban on music, enters the Land of the Dead to find his great-great-grandfather, a legendary singer.",8.4,305662,$ 175000000,$ 209726015,$ 807082196,81.0,930.0,395.0
tt8267604,Capharnaüm,Capharnaüm,2018,2019-02-22,Drama,126,"Lebanon, France, USA, Cyprus, Qatar","Arabic, Amharic",Nadine Labaki,"Nadine Labaki, Jihad Hojeily",Mooz Films,"Zain Al Rafeea, Yordanos Shiferaw, Boluwatife Treasure Bankole, Kawsar Al Haddad, Fadi Yousef, Haita 'Cedra' Izzam, Alaa Chouchnieh, Nadine Labaki, Elias Khoury, Nour El Husseini, Joseph Jimbazian, Samira Chalhoub, Farah Hasno, Joe Maalouf, Alexandre Youakim","While serving a five-year sentence for a violent crime, a 12-year-old boy sues his parents for neglect.",8.4,31576,$ 4000000,$ 1661096,$ 64398132,75.0,215.0,166.0
tt0082971,Raiders of the Lost Ark,Raiders of the Lost Ark,1981,1981-08-07,"Action, Adventure",115,USA,"English, German, Hebrew, Spanish, Arabic, Nepali",Steven Spielberg,"Lawrence Kasdan, George Lucas",Paramount Pictures,"Harrison Ford, Karen Allen, Paul Freeman, Ronald Lacey, John Rhys-Davies, Denholm Elliott, Alfred Molina, Wolf Kahler, Anthony Higgins, Vic Tablian, Don Fellows, William Hootkins, Bill Reimbold, Fred Sorenson, Patrick Durkin","In 1936, archaeologist and adventurer Indiana Jones is hired by the U.S. government to find the Ark of the Covenant before",8.4,830777,$ 18000000,$ 248159971,$ 390133212,85.0,864.0,243.0
tt0066921,A Clockwork Orange,A Clockwork Orange,1971,2000-03-17,"Crime, Drama, Sci-Fi",136,"UK, USA",English,Stanley Kubrick,"Stanley Kubrick, Anthony Burgess",Warner Bros.,"Malcolm McDowell, Patrick Magee, Michael Bates, Warren Clarke, John Clive, Adrienne Corri, Carl Duering, Paul Farrell, Clive Francis, Michael Gover, Miriam Karlin, James Marcus, Aubrey Morris, Godfrey Quigley, Sheila Raynor","In the future, a sadistic gang leader is imprisoned and volunteers for a conduct-aversion experiment, but it doesn't go as planned.",8.3,707569,$ 2200000,$ 26589355,$ 26903440,80.0,1481.0,168.0
tt0017136,Metropolis,Metropolis,1927,1927-02-06,"Drama, Sci-Fi",153,Germany,German,Fritz Lang,"Thea von Harbou, Thea von Harbou",Universum Film (UFA),"Alfred Abel, Gustav Fröhlich, Rudolf Klein-Rogge, Fritz Rasp, Theodor Loos, Erwin Biswanger, Heinrich George, Brigitte Helm","In a futuristic city sharply divided between the working class and the city planners, the son of the city's mastermind falls in love with a working class prophet who predicts the coming of a savior to mediate their differences.",8.3,148396,DEM 6000000,$ 1236166,$ 1349711,98.0,471.0,194.0
tt7984734,The Lighthouse,The Lighthouse,2019,2020-01-31,"Drama, Fantasy, Horror",109,"Canada, USA",English,Robert Eggers,"Max Eggers, Robert Eggers",A24,"Willem Dafoe, Robert Pattinson, Valeriia Karaman",Two lighthouse keepers try to maintain their sanity while living on a remote and mysterious New England island in the 1890s.,8.3,14067,,$ 9398913,$ 9398913,83.0,226.0,182.0
tt0169547,American Beauty,American Beauty,1999,2000-02-04,Drama,122,USA,English,Sam Mendes,Alan Ball,DreamWorks,"Kevin Spacey, Annette Bening, Thora Birch, Wes Bentley, Mena Suvari, Peter Gallagher, Allison Janney, Chris Cooper, Scott Bakula, Sam Robards, Barry Del Sherman, Ara Celi, John Cho, Fort Atkinson, Sue Casey",A sexually frustrated suburban father has a mid-life crisis after becoming infatuated with his daughter's best friend.,8.3,1009384,$ 15000000,$ 130096601,$ 356296601,86.0,2812.0,194.0
tt0086879,Amadeus,Amadeus,1984,1985-02-01,"Biography, Drama, History",160,"USA, France, Czechoslovakia, Italy","English, Italian, Latin, German",Milos Forman,"Peter Shaffer, Peter Shaffer",AMLF,"F. Murray Abraham, Tom Hulce, Elizabeth Berridge, Roy Dotrice, Simon Callow, Christine Ebersole, Jeffrey Jones, Charles Kay, Kenneth McMillan, Kenny Baker, Lisbeth Bartlett, Barbara Bryne, Martin Cavina, Roderick Cook, Milan Demjanenko","The life, success and troubles of Wolfgang Amadeus Mozart, as told by Antonio Salieri, the contemporaneous composer who was insanely jealous of Mozart's talent and claimed to have murdered him.",8.3,345263,$ 18000000,$ 51973029,$ 52066791,88.0,600.0,108.0
tt0053125,North by Northwest,North by Northwest,1959,1960-02-19,"Adventure, Mystery, Thriller",136,USA,"English, French",Alfred Hitchcock,Ernest Lehman,Metro-Goldwyn-Mayer (MGM),"Cary Grant, Eva Marie Saint, James Mason, Jessie Royce Landis, Leo G. Carroll, Josephine Hutchinson, Philip Ober, Martin Landau, Adam Williams, Edward Platt, Robert Ellenstein, Les Tremayne, Philip Coolidge, Patrick McVey, Edward Binns",A New York City advertising executive goes on the run after being mistaken for a government agent by a group of foreign spies.,8.3,278744,$ 3101000,,$ 55597,98.0,569.0,164.0
tt0435761,Toy Story 3,Toy Story 3,2010,2010-07-19,"Animation, Adventure, Comedy",103,USA,"English, Spanish",Lee Unkrich,"John Lasseter, Andrew Stanton",Walt Disney Pictures,"Tom Hanks, Tim Allen, Joan Cusack, Ned Beatty, Don Rickles, Michael Keaton, Wallace Shawn, John Ratzenberger, Estelle Harris, John Morris, Jodi Benson, Emily Hahn, Laurie Metcalf, Blake Clark, Teddy Newton","The toys are mistakenly delivered to a day-care center instead of the attic right before Andy leaves for college, and it's up to Woody to convince the other toys that they weren't abandoned and to return home.",8.3,707349,$ 200000000,$ 415004880,$ 1066969703,92.0,825.0,474.0
tt0086190,Star Wars: Episode VI - Return of the Jedi,Star Wars: Episode VI - Return of the Jedi,1983,1983-06-03,"Action, Adventure, Fantasy",131,USA,English,Richard Marquand,"Lawrence Kasdan, George Lucas",Lucasfilm,"Mark Hamill, Harrison Ford, Carrie Fisher, Billy Dee Williams, Anthony Daniels, Peter Mayhew, Sebastian Shaw, Ian McDiarmid, Frank Oz, James Earl Jones, David Prowse, Alec Guinness, Kenny Baker, Michael Pennington, Kenneth Colley","After a daring mission to rescue Han Solo from Jabba the Hutt, the Rebels dispatch to Endor to destroy the second Death Star. Meanwhile, Luke struggles to help Darth Vader back from the dark side without falling into the Emperor's trap.",8.3,882752,$ 32500000,$ 309306177,$ 475347111,58.0,746.0,186.0
tt0052357,Vertigo,Vertigo,1958,1958-10-03,"Mystery, Romance, Thriller",128,USA,English,Alfred Hitchcock,"Alec Coppel, Samuel A. Taylor",Alfred J. Hitchcock Productions,"James Stewart, Kim Novak, Barbara Bel Geddes, Tom Helmore, Henry Jones, Raymond Bailey, Ellen Corby, Konstantin Shayne, Lee Patrick",A former police detective juggles wrestling with his personal demons and becoming obsessed with a hauntingly beautiful woman.,8.3,330818,$ 2479000,$ 7705225,$ 7779797,100.0,788.0,172.0
tt0180093,Requiem for a Dream,Requiem for a Dream,2000,2000-12-15,Drama,102,USA,English,Darren Aronofsky,"Hubert Selby Jr., Hubert Selby Jr.",Artisan Entertainment,"Ellen Burstyn, Jared Leto, Jennifer Connelly, Marlon Wayans, Christopher McDonald, Louise Lasser, Marcia Jean Kurtz, Janet Sarno, Suzanne Shepherd, Joanne Gordon, Charlotte Aronofsky, Mark Margolis, Michael Kaycheck, Jack O'Connell, Chas Mastin",The drug-induced utopias of four Coney Island people are shattered when their addictions run deep.,8.3,716712,$ 4500000,$ 3635482,$ 7390108,68.0,2040.0,245.0
tt0033467,Citizen Kane,Citizen Kane,1941,1942-04-17,"Drama, Mystery",119,USA,"English, Italian",Orson Welles,"Herman J. Mankiewicz, Orson Welles",RKO Radio Pictures,"Joseph Cotten, Dorothy Comingore, Agnes Moorehead, Ruth Warrick, Ray Collins, Erskine Sanford, Everett Sloane, William Alland, Paul Stewart, George Coulouris, Fortunio Bonanova, Gus Schilling, Philip Van Zandt, Georgia Backus, Harry Shannon","Following the death of publishing tycoon, Charles Foster Kane, reporters scramble to uncover the meaning of his final utterance; 'Rosebud'.",8.3,371943,$ 839727,$ 1585634,$ 1594107,100.0,1371.0,265.0
tt2396224,It's Such a Beautiful Day,It's Such a Beautiful Day,2012,2016-05-21,"Animation, Comedy, Drama",62,USA,English,Don Hertzfeldt,,Bitter Films,,"Bill struggles to put together his shattered psyche, in this new feature film version of Don Hertzfeldt's animated short film trilogy.",8.3,9409,,,,90.0,41.0,24.0
tt0093058,Full Metal Jacket,Full Metal Jacket,1987,1987-09-11,"Drama, War",116,"UK, USA","English, Vietnamese",Stanley Kubrick,"Stanley Kubrick, Michael Herr",Natant,"Matthew Modine, Adam Baldwin, Vincent D'Onofrio, R. Lee Ermey, Dorian Harewood, Kevyn Major Howard, Arliss Howard, Ed O'Ross, John Terry, Kieron Jecchinis, Kirk Taylor, Tim Colceri, Jon Stafford, Bruce Boa, Ian Tyler",A pragmatic U.S. Marine observes the dehumanizing effects the Vietnam War has on his fellow recruits from their brutal boot camp training to the bloody street fighting in Hue.,8.3,626775,$ 30000000,$ 46357676,$ 46357676,76.0,801.0,149.0
tt0086250,Scarface,Scarface,1983,1984-02-17,"Crime, Drama",170,USA,"English, Spanish",Brian De Palma,Oliver Stone,Universal Pictures,"Al Pacino, Steven Bauer, Michelle Pfeiffer, Mary Elizabeth Mastrantonio, Robert Loggia, Miriam Colon, F. Murray Abraham, Paul Shenar, Harris Yulin, Ángel Salazar, Arnaldo Santana, Pepe Serna, Michael P. Moran, Al Israel, Dennis Holahan","In 1980 Miami, a determined Cuban immigrant takes over a drug cartel and succumbs to greed.",8.3,682527,$ 25000000,$ 45408703,$ 66023329,65.0,956.0,173.0
tt0054248,Rocco e i suoi fratelli,Rocco e i suoi fratelli,1960,1961-02-24,"Crime, Drama, Sport",177,"Italy, France",Italian,Luchino Visconti,"Luchino Visconti, Suso Cecchi D'Amico",Titanus,"Alain Delon, Renato Salvatori, Annie Girardot, Katina Paxinou, Alessandra Panaro, Spyros Fokas, Max Cartier, Corrado Pani, Rocco Vidolazzi, Claudia Mori, Adriana Asti, Enzo Fiermonte, Nino Castelnuovo, Rosario Borelli, Renato Terra","Having recently been uprooted to Milan, Rocco and his four brothers each look for a new way in life when a prostitute comes between Rocco and his brother Simone.",8.3,14839,,,$ 11328,84.0,49.0,96.0
tt0211915,Amélie,Le fabuleux destin d'Amélie Poulain,2001,2001-10-05,"Comedy, Romance",122,"France, Germany","French, Russian, English",Jean-Pierre Jeunet,"Guillaume Laurant, Jean-Pierre Jeunet",Claudie Ossard Productions,"Audrey Tautou, Mathieu Kassovitz, Rufus, Lorella Cravotta, Serge Merlin, Jamel Debbouze, Clotilde Mollet, Claire Maurier, Isabelle Nanty, Dominique Pinon, Artus de Penguern, Yolande Moreau, Urbain Cancelier, Maurice Bénichou, Michel Robin","Amélie is an innocent and naive girl in Paris with her own sense of justice. She decides to help those around her and, along the way, discovers love.",8.3,665554,$ 10000000,$ 33225499,$ 173924742,69.0,1409.0,254.0
tt0056172,Lawrence of Arabia,Lawrence of Arabia,1962,1963-07-26,"Adventure, Biography, Drama",228,UK,"English, Arabic, Turkish",David Lean,"T.E. Lawrence, Robert Bolt",Horizon Pictures (II),"Peter O'Toole, Alec Guinness, Anthony Quinn, Jack Hawkins, Omar Sharif, José Ferrer, Anthony Quayle, Claude Rains, Arthur Kennedy, Donald Wolfit, I.S. Johar, Gamil Ratib, Michel Ray, John Dimech, Zia Mohyeddin",The story of,8.3,249021,$ 15000000,$ 45306425,$ 45710874,100.0,624.0,194.0
tt0075314,Taxi Driver,Taxi Driver,1976,1976-09-10,"Crime, Drama",114,USA,"English, Spanish",Martin Scorsese,Paul Schrader,Columbia Pictures,"Diahnne Abbott, Robinson Frank Adu, Victor Argo, Gino Ardito, Garth Avery, Peter Boyle, Albert Brooks, Harry Cohn, Copper Cunningham, Robert De Niro, Brenda Dickson, Harry Fischler, Jodie Foster, Nat Grant, Leonard Harris","A mentally unstable veteran works as a nighttime taxi driver in New York City, where the perceived decadence and sleaze fuels his urge for violent action by attempting to liberate a presidential campaign worker and an underage prostitute.",8.3,661269,$ 1300000,$ 28262574,$ 28441292,94.0,1057.0,283.0
tt0361748,Inglourious Basterds,Inglourious Basterds,2009,2009-08-21,"Adventure, Drama, War",153,"Germany, USA","English, German, French, Italian",Quentin Tarantino,Quentin Tarantino,Universal Pictures,"Brad Pitt, Mélanie Laurent, Christoph Waltz, Eli Roth, Michael Fassbender, Diane Kruger, Daniel Brühl, Til Schweiger, Gedeon Burkhard, Jacky Ido, B.J. Novak, Omar Doom, August Diehl, Denis Ménochet, Sylvester Groth","In Nazi-occupied France during World War II, a plan to assassinate Nazi leaders by a group of Jewish U.S. soldiers coincides with a theatre owner's vengeful plans for the same.",8.3,1162209,$ 70000000,$ 120540719,$ 321455689,69.0,1729.0,521.0
tt0059578,Per qualche dollaro in più,Per qualche dollaro in più,1965,1967-12-01,Western,132,"Italy, Spain, West Germany","Italian, English",Sergio Leone,"Sergio Leone, Fulvio Morsella",Produzioni Europee Associate (PEA),"Clint Eastwood, Lee Van Cleef, Gian Maria Volontè, Mario Brega, Luigi Pistilli, Aldo Sambrell, Klaus Kinski, Benito Stefanelli, Luis Rodríguez, Panos Papadopulos, Mara Krupp, Roberto Camardiel, Joseph Egger, Tomás Blanco, Lorenzo Robledo",Two bounty hunters with the same intentions team up to track down a Western outlaw.,8.3,213153,$ 600000,$ 15000000,$ 15000000,74.0,263.0,129.0
tt0112573,Braveheart,Braveheart,1995,1995-09-08,"Biography, Drama, History",178,USA,"English, French, Latin, Scottish Gaelic, Italian",Mel Gibson,Randall Wallace,Icon Entertainment International,"James Robinson, Sean Lawlor, Sandy Nelson, James Cosmo, Sean McGinley, Alan Tall, Andrew Weir, Gerda Stevenson, Ralph Riach, Mhairi Calvey, Brian Cox, Patrick McGoohan, Peter Hanly, Sophie Marceau, Stephen Billington","When his secret bride is executed for assaulting an English soldier who tried to rape her, William Wallace begins a revolt against King Edward I of England.",8.3,908969,$ 72000000,$ 75609945,$ 213216216,68.0,1194.0,151.0
tt0056592,To Kill a Mockingbird,To Kill a Mockingbird,1962,1963-07-12,"Crime, Drama",129,USA,English,Robert Mulligan,"Harper Lee, Horton Foote",Universal International Pictures (UI),"Gregory Peck, John Megna, Frank Overton, Rosemary Murphy, Ruth White, Brock Peters, Estelle Evans, Paul Fix, Collin Wilcox Paxton, James Anderson, Alice Ghostley, Robert Duvall, William Windom, Crahan Denton, Richard Hale","Atticus Finch, a lawyer in the Depression-era South, defends a black man against an undeserved rape charge, and his children against prejudice.",8.3,278298,$ 2000000,$ 592237,$ 599146,88.0,541.0,149.0
